strategy,spawn_probability,start,episode,success,reason,steps,spawned,bot_crashes
right_priority,0.005,"1,1",0,False,collision,203,4,2
right_priority,0.005,"1,1",1,False,collision,9,1,0
right_priority,0.005,"1,1",2,False,collision,318,10,0
right_priority,0.005,"1,1",3,False,timeout,350,10,2
right_priority,0.005,"1,1",4,False,collision,221,9,4
right_priority,0.005,"1,1",5,False,collision,235,11,0
right_priority,0.005,"1,1",6,False,collision,94,4,0
right_priority,0.005,"1,1",7,False,collision,182,6,2
right_priority,0.005,"1,1",8,False,timeout,350,9,2
right_priority,0.005,"1,1",9,False,timeout,350,9,0
right_priority,0.005,"1,1",10,True,delivered,136,6,4
right_priority,0.005,"1,1",11,False,collision,286,4,0
right_priority,0.005,"1,1",12,True,delivered,62,1,0
right_priority,0.005,"1,1",13,False,collision,232,3,0
right_priority,0.005,"1,1",14,False,timeout,350,7,0
right_priority,0.005,"1,29",0,True,delivered,74,3,0
right_priority,0.005,"1,29",1,False,collision,148,3,0
right_priority,0.005,"1,29",2,True,delivered,102,3,0
right_priority,0.005,"1,29",3,False,collision,87,3,0
right_priority,0.005,"1,29",4,True,delivered,81,0,0
right_priority,0.005,"1,29",5,False,collision,170,3,0
right_priority,0.005,"1,29",6,False,timeout,350,7,0
right_priority,0.005,"1,29",7,False,collision,199,4,0
right_priority,0.005,"1,29",8,True,delivered,152,3,0
right_priority,0.005,"1,29",9,False,timeout,350,12,4
right_priority,0.005,"1,29",10,True,delivered,61,4,0
right_priority,0.005,"1,29",11,False,collision,124,4,0
right_priority,0.005,"1,29",12,False,collision,66,1,0
right_priority,0.005,"1,29",13,False,collision,190,7,0
right_priority,0.005,"1,29",14,False,collision,259,6,0
right_priority,0.005,"29,1",0,True,delivered,132,1,0
right_priority,0.005,"29,1",1,True,delivered,177,6,0
right_priority,0.005,"29,1",2,False,collision,71,1,0
right_priority,0.005,"29,1",3,True,delivered,96,4,0
right_priority,0.005,"29,1",4,True,delivered,59,0,0
right_priority,0.005,"29,1",5,False,collision,272,7,0
right_priority,0.005,"29,1",6,False,collision,127,6,2
right_priority,0.005,"29,1",7,False,collision,50,2,0
right_priority,0.005,"29,1",8,False,collision,240,11,2
right_priority,0.005,"29,1",9,False,timeout,350,9,2
right_priority,0.005,"29,1",10,True,delivered,50,0,0
right_priority,0.005,"29,1",11,True,delivered,134,5,2
right_priority,0.005,"29,1",12,False,collision,222,5,0
right_priority,0.005,"29,1",13,True,delivered,106,3,0
right_priority,0.005,"29,1",14,False,collision,244,5,0
right_priority,0.01,"1,1",0,False,collision,142,2,0
right_priority,0.01,"1,1",1,False,collision,57,5,0
right_priority,0.01,"1,1",2,False,collision,22,2,0
right_priority,0.01,"1,1",3,False,collision,58,2,0
right_priority,0.01,"1,1",4,False,collision,72,2,0
right_priority,0.01,"1,1",5,False,collision,66,4,0
right_priority,0.01,"1,1",6,False,collision,147,12,2
right_priority,0.01,"1,1",7,False,collision,37,5,0
right_priority,0.01,"1,1",8,True,delivered,239,16,4
right_priority,0.01,"1,1",9,False,collision,9,4,0
right_priority,0.01,"1,1",10,False,collision,27,2,0
right_priority,0.01,"1,1",11,False,collision,316,20,6
right_priority,0.01,"1,1",12,False,collision,37,2,0
right_priority,0.01,"1,1",13,False,collision,240,10,2
right_priority,0.01,"1,1",14,False,collision,313,20,8
right_priority,0.01,"1,29",0,False,collision,121,9,2
right_priority,0.01,"1,29",1,True,delivered,339,18,6
right_priority,0.01,"1,29",2,False,collision,62,5,0
right_priority,0.01,"1,29",3,False,collision,246,13,6
right_priority,0.01,"1,29",4,False,collision,53,4,0
right_priority,0.01,"1,29",5,False,collision,217,17,6
right_priority,0.01,"1,29",6,False,collision,270,12,4
right_priority,0.01,"1,29",7,False,collision,241,14,8
right_priority,0.01,"1,29",8,True,delivered,164,9,2
right_priority,0.01,"1,29",9,False,collision,143,6,0
right_priority,0.01,"1,29",10,False,collision,32,2,0
right_priority,0.01,"1,29",11,False,collision,94,2,0
right_priority,0.01,"1,29",12,False,collision,134,8,2
right_priority,0.01,"1,29",13,False,collision,25,1,0
right_priority,0.01,"1,29",14,False,collision,78,3,0
right_priority,0.01,"29,1",0,False,timeout,350,23,12
right_priority,0.01,"29,1",1,False,collision,37,4,0
right_priority,0.01,"29,1",2,False,collision,216,12,8
right_priority,0.01,"29,1",3,False,collision,93,6,2
right_priority,0.01,"29,1",4,False,collision,45,6,0
right_priority,0.01,"29,1",5,False,collision,221,12,4
right_priority,0.01,"29,1",6,False,timeout,350,19,6
right_priority,0.01,"29,1",7,False,timeout,350,16,8
right_priority,0.01,"29,1",8,False,collision,184,14,6
right_priority,0.01,"29,1",9,False,collision,79,5,0
right_priority,0.01,"29,1",10,False,collision,88,7,2
right_priority,0.01,"29,1",11,False,collision,52,8,0
right_priority,0.01,"29,1",12,False,collision,79,8,2
right_priority,0.01,"29,1",13,False,collision,55,4,0
right_priority,0.01,"29,1",14,False,collision,90,9,6
right_priority,0.02,"1,1",0,False,collision,37,4,0
right_priority,0.02,"1,1",1,False,collision,79,12,4
right_priority,0.02,"1,1",2,False,collision,35,3,0
right_priority,0.02,"1,1",3,False,collision,22,4,0
right_priority,0.02,"1,1",4,False,collision,53,9,0
right_priority,0.02,"1,1",5,False,collision,31,4,0
right_priority,0.02,"1,1",6,False,collision,68,5,0
right_priority,0.02,"1,1",7,False,collision,300,32,18
right_priority,0.02,"1,1",8,False,collision,74,7,2
right_priority,0.02,"1,1",9,False,collision,70,7,2
right_priority,0.02,"1,1",10,False,collision,66,7,0
right_priority,0.02,"1,1",11,False,timeout,350,33,16
right_priority,0.02,"1,1",12,False,collision,30,4,0
right_priority,0.02,"1,1",13,False,collision,140,10,4
right_priority,0.02,"1,1",14,False,collision,184,24,8
right_priority,0.02,"1,29",0,False,collision,54,5,0
right_priority,0.02,"1,29",1,False,collision,22,1,0
right_priority,0.02,"1,29",2,False,collision,56,4,0
right_priority,0.02,"1,29",3,True,delivered,184,27,18
right_priority,0.02,"1,29",4,False,collision,63,7,0
right_priority,0.02,"1,29",5,False,collision,70,9,2
right_priority,0.02,"1,29",6,False,collision,75,7,2
right_priority,0.02,"1,29",7,False,collision,97,17,8
right_priority,0.02,"1,29",8,False,collision,117,16,8
right_priority,0.02,"1,29",9,True,delivered,44,4,0
right_priority,0.02,"1,29",10,False,timeout,350,39,20
right_priority,0.02,"1,29",11,False,collision,88,17,6
right_priority,0.02,"1,29",12,False,collision,101,13,4
right_priority,0.02,"1,29",13,False,collision,55,7,0
right_priority,0.02,"1,29",14,False,collision,33,2,0
right_priority,0.02,"29,1",0,False,collision,86,15,4
right_priority,0.02,"29,1",1,False,collision,107,11,2
right_priority,0.02,"29,1",2,False,collision,74,8,2
right_priority,0.02,"29,1",3,False,collision,59,5,0
right_priority,0.02,"29,1",4,False,collision,25,5,0
right_priority,0.02,"29,1",5,False,collision,92,9,2
right_priority,0.02,"29,1",6,True,delivered,209,17,6
right_priority,0.02,"29,1",7,False,collision,95,9,2
right_priority,0.02,"29,1",8,False,collision,201,23,16
right_priority,0.02,"29,1",9,False,collision,87,7,0
right_priority,0.02,"29,1",10,False,collision,44,9,2
right_priority,0.02,"29,1",11,False,collision,80,10,4
right_priority,0.02,"29,1",12,False,collision,69,7,0
right_priority,0.02,"29,1",13,False,collision,129,7,0
right_priority,0.02,"29,1",14,True,delivered,78,8,2
right_priority,0.04,"1,1",0,False,collision,16,4,0
right_priority,0.04,"1,1",1,False,collision,47,9,2
right_priority,0.04,"1,1",2,False,collision,149,28,20
right_priority,0.04,"1,1",3,False,collision,43,4,0
right_priority,0.04,"1,1",4,False,collision,76,21,8
right_priority,0.04,"1,1",5,False,collision,40,7,4
right_priority,0.04,"1,1",6,False,collision,70,17,12
right_priority,0.04,"1,1",7,False,collision,31,11,4
right_priority,0.04,"1,1",8,False,collision,67,13,6
right_priority,0.04,"1,1",9,False,collision,65,20,10
right_priority,0.04,"1,1",10,False,collision,15,3,0
right_priority,0.04,"1,1",11,False,collision,8,3,0
right_priority,0.04,"1,1",12,False,collision,12,6,0
right_priority,0.04,"1,1",13,False,collision,100,30,12
right_priority,0.04,"1,1",14,False,collision,20,6,0
right_priority,0.04,"1,29",0,False,collision,173,40,20
right_priority,0.04,"1,29",1,False,collision,55,13,2
right_priority,0.04,"1,29",2,False,collision,45,8,0
right_priority,0.04,"1,29",3,False,collision,42,6,0
right_priority,0.04,"1,29",4,False,collision,38,8,2
right_priority,0.04,"1,29",5,False,collision,38,8,0
right_priority,0.04,"1,29",6,False,collision,37,12,2
right_priority,0.04,"1,29",7,False,collision,102,22,8
right_priority,0.04,"1,29",8,False,collision,70,15,6
right_priority,0.04,"1,29",9,False,collision,77,19,4
right_priority,0.04,"1,29",10,False,collision,115,20,10
right_priority,0.04,"1,29",11,False,collision,84,20,8
right_priority,0.04,"1,29",12,False,collision,69,19,10
right_priority,0.04,"1,29",13,False,collision,94,15,4
right_priority,0.04,"1,29",14,False,collision,26,7,0
right_priority,0.04,"29,1",0,False,collision,170,48,32
right_priority,0.04,"29,1",1,False,collision,64,15,4
right_priority,0.04,"29,1",2,False,collision,176,45,28
right_priority,0.04,"29,1",3,False,collision,134,29,12
right_priority,0.04,"29,1",4,False,collision,78,14,2
right_priority,0.04,"29,1",5,False,collision,62,16,6
right_priority,0.04,"29,1",6,False,collision,130,27,12
right_priority,0.04,"29,1",7,False,collision,18,3,0
right_priority,0.04,"29,1",8,False,collision,113,31,22
right_priority,0.04,"29,1",9,False,collision,45,6,0
right_priority,0.04,"29,1",10,False,collision,65,19,6
right_priority,0.04,"29,1",11,False,collision,110,20,8
right_priority,0.04,"29,1",12,False,collision,52,14,0
right_priority,0.04,"29,1",13,False,collision,33,10,2
right_priority,0.04,"29,1",14,False,collision,131,30,10
straight_priority,0.005,"1,1",0,False,collision,93,3,0
straight_priority,0.005,"1,1",1,False,collision,169,4,0
straight_priority,0.005,"1,1",2,False,collision,125,6,0
straight_priority,0.005,"1,1",3,True,delivered,56,3,0
straight_priority,0.005,"1,1",4,False,collision,218,5,2
straight_priority,0.005,"1,1",5,False,collision,69,2,0
straight_priority,0.005,"1,1",6,False,collision,283,12,6
straight_priority,0.005,"1,1",7,False,collision,58,5,2
straight_priority,0.005,"1,1",8,True,delivered,150,1,0
straight_priority,0.005,"1,1",9,False,collision,203,8,0
straight_priority,0.005,"1,1",10,False,collision,48,1,0
straight_priority,0.005,"1,1",11,False,collision,89,1,0
straight_priority,0.005,"1,1",12,False,timeout,350,9,2
straight_priority,0.005,"1,1",13,False,collision,151,3,0
straight_priority,0.005,"1,1",14,False,collision,191,7,2
straight_priority,0.005,"1,29",0,False,collision,81,2,0
straight_priority,0.005,"1,29",1,False,collision,226,5,0
straight_priority,0.005,"1,29",2,True,delivered,330,6,0
straight_priority,0.005,"1,29",3,True,delivered,266,7,0
straight_priority,0.005,"1,29",4,False,collision,90,3,0
straight_priority,0.005,"1,29",5,False,collision,87,4,0
straight_priority,0.005,"1,29",6,True,delivered,154,5,2
straight_priority,0.005,"1,29",7,True,delivered,175,6,0
straight_priority,0.005,"1,29",8,False,collision,113,5,0
straight_priority,0.005,"1,29",9,True,delivered,230,5,0
straight_priority,0.005,"1,29",10,True,delivered,329,7,0
straight_priority,0.005,"1,29",11,False,timeout,350,14,6
straight_priority,0.005,"1,29",12,False,collision,86,4,0
straight_priority,0.005,"1,29",13,True,delivered,125,3,0
straight_priority,0.005,"1,29",14,False,collision,181,7,2
straight_priority,0.005,"29,1",0,True,delivered,81,2,0
straight_priority,0.005,"29,1",1,True,delivered,200,6,2
straight_priority,0.005,"29,1",2,False,collision,224,6,0
straight_priority,0.005,"29,1",3,True,delivered,234,7,4
straight_priority,0.005,"29,1",4,False,collision,34,1,0
straight_priority,0.005,"29,1",5,False,timeout,350,9,2
straight_priority,0.005,"29,1",6,False,collision,261,7,4
straight_priority,0.005,"29,1",7,False,collision,139,3,0
straight_priority,0.005,"29,1",8,False,collision,98,4,2
straight_priority,0.005,"29,1",9,True,delivered,182,8,6
straight_priority,0.005,"29,1",10,True,delivered,218,8,0
straight_priority,0.005,"29,1",11,False,collision,173,9,2
straight_priority,0.005,"29,1",12,True,delivered,138,5,2
straight_priority,0.005,"29,1",13,False,collision,18,1,0
straight_priority,0.005,"29,1",14,True,delivered,279,15,6
straight_priority,0.01,"1,1",0,False,collision,73,6,2
straight_priority,0.01,"1,1",1,True,delivered,81,6,0
straight_priority,0.01,"1,1",2,False,collision,198,15,6
straight_priority,0.01,"1,1",3,False,collision,198,11,2
straight_priority,0.01,"1,1",4,False,collision,74,1,0
straight_priority,0.01,"1,1",5,True,delivered,156,8,2
straight_priority,0.01,"1,1",6,False,collision,77,4,0
straight_priority,0.01,"1,1",7,False,collision,236,16,8
straight_priority,0.01,"1,1",8,False,collision,58,4,0
straight_priority,0.01,"1,1",9,False,collision,30,3,0
straight_priority,0.01,"1,1",10,True,delivered,120,8,4
straight_priority,0.01,"1,1",11,False,timeout,350,23,6
straight_priority,0.01,"1,1",12,False,collision,105,7,0
straight_priority,0.01,"1,1",13,False,collision,61,4,0
straight_priority,0.01,"1,1",14,False,collision,151,13,4
straight_priority,0.01,"1,29",0,False,collision,9,1,0
straight_priority,0.01,"1,29",1,False,collision,11,1,0
straight_priority,0.01,"1,29",2,False,collision,140,6,2
straight_priority,0.01,"1,29",3,False,collision,45,5,2
straight_priority,0.01,"1,29",4,False,collision,273,16,4
straight_priority,0.01,"1,29",5,False,collision,143,10,0
straight_priority,0.01,"1,29",6,False,collision,156,12,4
straight_priority,0.01,"1,29",7,True,delivered,92,7,6
straight_priority,0.01,"1,29",8,False,collision,89,6,2
straight_priority,0.01,"1,29",9,False,collision,97,10,0
straight_priority,0.01,"1,29",10,False,collision,202,12,0
straight_priority,0.01,"1,29",11,False,collision,41,3,0
straight_priority,0.01,"1,29",12,False,timeout,350,21,12
straight_priority,0.01,"1,29",13,False,collision,22,1,0
straight_priority,0.01,"1,29",14,False,collision,211,11,2
straight_priority,0.01,"29,1",0,False,collision,163,5,2
straight_priority,0.01,"29,1",1,False,collision,201,11,4
straight_priority,0.01,"29,1",2,False,collision,57,6,0
straight_priority,0.01,"29,1",3,False,collision,82,5,0
straight_priority,0.01,"29,1",4,False,collision,68,2,0
straight_priority,0.01,"29,1",5,False,collision,71,5,0
straight_priority,0.01,"29,1",6,True,delivered,137,10,4
straight_priority,0.01,"29,1",7,True,delivered,94,5,0
straight_priority,0.01,"29,1",8,False,collision,53,2,0
straight_priority,0.01,"29,1",9,False,collision,55,3,0
straight_priority,0.01,"29,1",10,True,delivered,143,3,0
straight_priority,0.01,"29,1",11,False,collision,76,5,0
straight_priority,0.01,"29,1",12,False,collision,219,9,2
straight_priority,0.01,"29,1",13,False,collision,152,11,0
straight_priority,0.01,"29,1",14,False,collision,46,2,0
straight_priority,0.02,"1,1",0,False,collision,40,3,0
straight_priority,0.02,"1,1",1,False,collision,111,19,6
straight_priority,0.02,"1,1",2,False,collision,13,3,0
straight_priority,0.02,"1,1",3,False,collision,87,8,0
straight_priority,0.02,"1,1",4,False,collision,29,4,0
straight_priority,0.02,"1,1",5,False,collision,37,10,0
straight_priority,0.02,"1,1",6,True,delivered,156,16,8
straight_priority,0.02,"1,1",7,False,collision,28,6,0
straight_priority,0.02,"1,1",8,False,collision,68,7,2
straight_priority,0.02,"1,1",9,False,collision,63,4,0
straight_priority,0.02,"1,1",10,False,collision,43,8,4
straight_priority,0.02,"1,1",11,False,collision,117,11,4
straight_priority,0.02,"1,1",12,False,collision,25,7,2
straight_priority,0.02,"1,1",13,False,collision,102,8,2
straight_priority,0.02,"1,1",14,False,collision,26,7,0
straight_priority,0.02,"1,29",0,False,collision,70,8,0
straight_priority,0.02,"1,29",1,False,collision,220,23,12
straight_priority,0.02,"1,29",2,True,delivered,145,18,10
straight_priority,0.02,"1,29",3,False,collision,44,7,2
straight_priority,0.02,"1,29",4,False,collision,171,17,8
straight_priority,0.02,"1,29",5,True,delivered,72,8,2
straight_priority,0.02,"1,29",6,False,collision,120,17,10
straight_priority,0.02,"1,29",7,False,timeout,350,39,16
straight_priority,0.02,"1,29",8,False,collision,124,10,6
straight_priority,0.02,"1,29",9,False,collision,74,6,2
straight_priority,0.02,"1,29",10,False,collision,112,10,6
straight_priority,0.02,"1,29",11,False,collision,87,13,4
straight_priority,0.02,"1,29",12,False,collision,89,10,2
straight_priority,0.02,"1,29",13,False,collision,26,5,0
straight_priority,0.02,"1,29",14,False,collision,70,6,0
straight_priority,0.02,"29,1",0,False,collision,58,7,0
straight_priority,0.02,"29,1",1,False,collision,172,14,4
straight_priority,0.02,"29,1",2,False,collision,106,18,6
straight_priority,0.02,"29,1",3,False,collision,75,8,2
straight_priority,0.02,"29,1",4,False,collision,28,4,0
straight_priority,0.02,"29,1",5,False,collision,171,17,6
straight_priority,0.02,"29,1",6,False,collision,118,17,2
straight_priority,0.02,"29,1",7,False,collision,40,2,0
straight_priority,0.02,"29,1",8,False,collision,58,6,0
straight_priority,0.02,"29,1",9,True,delivered,72,5,0
straight_priority,0.02,"29,1",10,True,delivered,32,5,2
straight_priority,0.02,"29,1",11,False,collision,155,17,8
straight_priority,0.02,"29,1",12,False,collision,123,12,2
straight_priority,0.02,"29,1",13,False,collision,19,3,0
straight_priority,0.02,"29,1",14,False,collision,34,4,0
straight_priority,0.04,"1,1",0,False,collision,52,12,6
straight_priority,0.04,"1,1",1,False,collision,12,2,0
straight_priority,0.04,"1,1",2,False,collision,16,12,2
straight_priority,0.04,"1,1",3,False,collision,37,12,4
straight_priority,0.04,"1,1",4,False,collision,131,30,16
straight_priority,0.04,"1,1",5,False,collision,33,13,6
straight_priority,0.04,"1,1",6,False,collision,98,14,4
straight_priority,0.04,"1,1",7,False,collision,40,5,0
straight_priority,0.04,"1,1",8,True,delivered,58,16,7
straight_priority,0.04,"1,1",9,False,collision,175,35,18
straight_priority,0.04,"1,1",10,False,collision,44,8,0
straight_priority,0.04,"1,1",11,False,collision,30,8,0
straight_priority,0.04,"1,1",12,False,collision,66,18,10
straight_priority,0.04,"1,1",13,False,collision,27,6,0
straight_priority,0.04,"1,1",14,False,collision,75,11,6
straight_priority,0.04,"1,29",0,False,collision,63,9,0
straight_priority,0.04,"1,29",1,False,collision,83,22,10
straight_priority,0.04,"1,29",2,False,collision,63,11,6
straight_priority,0.04,"1,29",3,True,delivered,71,23,10
straight_priority,0.04,"1,29",4,False,collision,97,19,8
straight_priority,0.04,"1,29",5,False,collision,59,9,2
straight_priority,0.04,"1,29",6,False,collision,37,5,0
straight_priority,0.04,"1,29",7,False,collision,19,4,0
straight_priority,0.04,"1,29",8,False,collision,254,60,38
straight_priority,0.04,"1,29",9,False,collision,106,31,18
straight_priority,0.04,"1,29",10,False,collision,22,6,0
straight_priority,0.04,"1,29",11,False,collision,30,8,0
straight_priority,0.04,"1,29",12,False,collision,41,12,2
straight_priority,0.04,"1,29",13,False,collision,22,8,2
straight_priority,0.04,"1,29",14,False,collision,9,3,0
straight_priority,0.04,"29,1",0,True,delivered,30,5,0
straight_priority,0.04,"29,1",1,False,collision,95,19,12
straight_priority,0.04,"29,1",2,False,collision,71,14,4
straight_priority,0.04,"29,1",3,False,collision,156,30,16
straight_priority,0.04,"29,1",4,False,collision,62,12,4
straight_priority,0.04,"29,1",5,False,collision,35,7,0
straight_priority,0.04,"29,1",6,False,collision,97,27,15
straight_priority,0.04,"29,1",7,False,collision,89,25,12
straight_priority,0.04,"29,1",8,False,collision,99,18,10
straight_priority,0.04,"29,1",9,False,collision,106,18,6
straight_priority,0.04,"29,1",10,False,collision,140,38,26
straight_priority,0.04,"29,1",11,False,collision,99,28,12
straight_priority,0.04,"29,1",12,False,collision,80,22,8
straight_priority,0.04,"29,1",13,False,collision,106,19,6
straight_priority,0.04,"29,1",14,False,collision,63,13,2
target_biased,0.005,"1,1",0,True,delivered,88,1,0
target_biased,0.005,"1,1",1,True,delivered,65,2,0
target_biased,0.005,"1,1",2,False,collision,6,1,0
target_biased,0.005,"1,1",3,True,delivered,92,2,0
target_biased,0.005,"1,1",4,False,collision,16,1,0
target_biased,0.005,"1,1",5,True,delivered,79,2,0
target_biased,0.005,"1,1",6,True,delivered,76,0,0
target_biased,0.005,"1,1",7,True,delivered,70,2,0
target_biased,0.005,"1,1",8,False,collision,82,4,0
target_biased,0.005,"1,1",9,True,delivered,58,1,0
target_biased,0.005,"1,1",10,True,delivered,134,3,0
target_biased,0.005,"1,1",11,True,delivered,74,3,0
target_biased,0.005,"1,1",12,True,delivered,89,3,2
target_biased,0.005,"1,1",13,True,delivered,118,4,0
target_biased,0.005,"1,1",14,True,delivered,153,7,2
target_biased,0.005,"1,29",0,True,delivered,77,1,0
target_biased,0.005,"1,29",1,True,delivered,28,1,0
target_biased,0.005,"1,29",2,True,delivered,45,2,0
target_biased,0.005,"1,29",3,True,delivered,45,2,0
target_biased,0.005,"1,29",4,True,delivered,56,0,0
target_biased,0.005,"1,29",5,True,delivered,118,4,2
target_biased,0.005,"1,29",6,True,delivered,44,3,0
target_biased,0.005,"1,29",7,True,delivered,62,0,0
target_biased,0.005,"1,29",8,True,delivered,32,0,0
target_biased,0.005,"1,29",9,True,delivered,38,2,0
target_biased,0.005,"1,29",10,True,delivered,30,0,0
target_biased,0.005,"1,29",11,True,delivered,30,1,0
target_biased,0.005,"1,29",12,True,delivered,66,3,0
target_biased,0.005,"1,29",13,True,delivered,36,0,0
target_biased,0.005,"1,29",14,False,collision,123,2,0
target_biased,0.005,"29,1",0,False,collision,36,1,0
target_biased,0.005,"29,1",1,False,collision,61,3,0
target_biased,0.005,"29,1",2,True,delivered,99,4,0
target_biased,0.005,"29,1",3,True,delivered,46,1,0
target_biased,0.005,"29,1",4,True,delivered,46,1,0
target_biased,0.005,"29,1",5,True,delivered,46,0,0
target_biased,0.005,"29,1",6,True,delivered,42,1,0
target_biased,0.005,"29,1",7,True,delivered,36,1,0
target_biased,0.005,"29,1",8,True,delivered,73,4,2
target_biased,0.005,"29,1",9,True,delivered,85,2,0
target_biased,0.005,"29,1",10,True,delivered,38,3,0
target_biased,0.005,"29,1",11,True,delivered,87,1,0
target_biased,0.005,"29,1",12,True,delivered,77,2,0
target_biased,0.005,"29,1",13,True,delivered,54,3,0
target_biased,0.005,"29,1",14,True,delivered,51,0,0
target_biased,0.01,"1,1",0,True,delivered,88,5,2
target_biased,0.01,"1,1",1,True,delivered,64,6,0
target_biased,0.01,"1,1",2,False,collision,32,3,0
target_biased,0.01,"1,1",3,False,collision,61,4,0
target_biased,0.01,"1,1",4,True,delivered,82,1,0
target_biased,0.01,"1,1",5,True,delivered,113,10,6
target_biased,0.01,"1,1",6,False,collision,52,5,0
target_biased,0.01,"1,1",7,True,delivered,75,8,2
target_biased,0.01,"1,1",8,False,collision,53,4,0
target_biased,0.01,"1,1",9,False,collision,71,3,0
target_biased,0.01,"1,1",10,True,delivered,73,1,0
target_biased,0.01,"1,1",11,True,delivered,109,10,4
target_biased,0.01,"1,1",12,True,delivered,66,5,0
target_biased,0.01,"1,1",13,False,collision,12,1,0
target_biased,0.01,"1,1",14,True,delivered,102,3,0
target_biased,0.01,"1,29",0,True,delivered,51,6,2
target_biased,0.01,"1,29",1,True,delivered,32,4,0
target_biased,0.01,"1,29",2,True,delivered,83,7,2
target_biased,0.01,"1,29",3,True,delivered,34,3,0
target_biased,0.01,"1,29",4,False,collision,41,5,0
target_biased,0.01,"1,29",5,True,delivered,64,2,0
target_biased,0.01,"1,29",6,True,delivered,73,4,2
target_biased,0.01,"1,29",7,True,delivered,32,0,0
target_biased,0.01,"1,29",8,True,delivered,100,4,2
target_biased,0.01,"1,29",9,True,delivered,48,3,0
target_biased,0.01,"1,29",10,False,collision,46,5,0
target_biased,0.01,"1,29",11,True,delivered,61,4,0
target_biased,0.01,"1,29",12,True,delivered,40,2,0
target_biased,0.01,"1,29",13,True,delivered,87,4,2
target_biased,0.01,"1,29",14,True,delivered,36,0,0
target_biased,0.01,"29,1",0,True,delivered,63,3,0
target_biased,0.01,"29,1",1,False,collision,11,2,0
target_biased,0.01,"29,1",2,False,collision,41,2,0
target_biased,0.01,"29,1",3,False,collision,16,1,0
target_biased,0.01,"29,1",4,True,delivered,40,4,0
target_biased,0.01,"29,1",5,False,collision,19,3,0
target_biased,0.01,"29,1",6,True,delivered,30,2,0
target_biased,0.01,"29,1",7,True,delivered,49,5,0
target_biased,0.01,"29,1",8,False,collision,56,4,0
target_biased,0.01,"29,1",9,True,delivered,53,3,2
target_biased,0.01,"29,1",10,True,delivered,51,4,0
target_biased,0.01,"29,1",11,False,collision,53,3,2
target_biased,0.01,"29,1",12,True,delivered,38,2,0
target_biased,0.01,"29,1",13,True,delivered,30,0,0
target_biased,0.01,"29,1",14,True,delivered,41,1,0
target_biased,0.02,"1,1",0,False,collision,57,4,0
target_biased,0.02,"1,1",1,True,delivered,64,3,2
target_biased,0.02,"1,1",2,False,collision,60,12,4
target_biased,0.02,"1,1",3,True,delivered,82,9,4
target_biased,0.02,"1,1",4,True,delivered,64,14,4
target_biased,0.02,"1,1",5,False,collision,58,9,2
target_biased,0.02,"1,1",6,False,collision,45,5,0
target_biased,0.02,"1,1",7,False,collision,70,9,2
target_biased,0.02,"1,1",8,True,delivered,82,14,2
target_biased,0.02,"1,1",9,True,delivered,73,4,0
target_biased,0.02,"1,1",10,True,delivered,91,8,2
target_biased,0.02,"1,1",11,False,collision,23,5,0
target_biased,0.02,"1,1",12,False,collision,45,7,2
target_biased,0.02,"1,1",13,False,collision,21,3,0
target_biased,0.02,"1,1",14,False,collision,65,9,2
target_biased,0.02,"1,29",0,False,collision,19,6,0
target_biased,0.02,"1,29",1,False,collision,55,7,0
target_biased,0.02,"1,29",2,False,collision,43,4,0
target_biased,0.02,"1,29",3,True,delivered,48,6,0
target_biased,0.02,"1,29",4,True,delivered,38,8,0
target_biased,0.02,"1,29",5,False,collision,74,7,0
target_biased,0.02,"1,29",6,True,delivered,57,5,2
target_biased,0.02,"1,29",7,False,collision,42,5,0
target_biased,0.02,"1,29",8,False,collision,27,5,2
target_biased,0.02,"1,29",9,True,delivered,52,9,0
target_biased,0.02,"1,29",10,True,delivered,28,2,0
target_biased,0.02,"1,29",11,True,delivered,28,4,2
target_biased,0.02,"1,29",12,False,collision,30,2,0
target_biased,0.02,"1,29",13,False,collision,44,6,0
target_biased,0.02,"1,29",14,False,collision,20,3,0
target_biased,0.02,"29,1",0,True,delivered,32,2,0
target_biased,0.02,"29,1",1,False,collision,14,1,0
target_biased,0.02,"29,1",2,False,collision,53,7,0
target_biased,0.02,"29,1",3,False,collision,71,10,0
target_biased,0.02,"29,1",4,True,delivered,46,3,2
target_biased,0.02,"29,1",5,True,delivered,64,6,0
target_biased,0.02,"29,1",6,False,collision,51,5,0
target_biased,0.02,"29,1",7,True,delivered,44,4,0
target_biased,0.02,"29,1",8,False,collision,80,9,0
target_biased,0.02,"29,1",9,True,delivered,109,8,0
target_biased,0.02,"29,1",10,True,delivered,58,9,0
target_biased,0.02,"29,1",11,True,delivered,63,5,2
target_biased,0.02,"29,1",12,True,delivered,71,10,4
target_biased,0.02,"29,1",13,True,delivered,36,5,2
target_biased,0.02,"29,1",14,True,delivered,46,2,0
target_biased,0.04,"1,1",0,True,delivered,66,11,2
target_biased,0.04,"1,1",1,False,collision,54,8,4
target_biased,0.04,"1,1",2,False,collision,34,7,0
target_biased,0.04,"1,1",3,False,collision,16,1,0
target_biased,0.04,"1,1",4,False,collision,24,5,0
target_biased,0.04,"1,1",5,False,collision,42,6,2
target_biased,0.04,"1,1",6,False,collision,17,2,0
target_biased,0.04,"1,1",7,False,collision,41,11,4
target_biased,0.04,"1,1",8,False,collision,74,13,4
target_biased,0.04,"1,1",9,False,collision,14,5,2
target_biased,0.04,"1,1",10,True,delivered,83,14,6
target_biased,0.04,"1,1",11,False,collision,35,10,4
target_biased,0.04,"1,1",12,False,collision,48,15,6
target_biased,0.04,"1,1",13,False,collision,41,5,0
target_biased,0.04,"1,1",14,False,collision,42,9,0
target_biased,0.04,"1,29",0,False,collision,14,4,0
target_biased,0.04,"1,29",1,False,collision,11,4,0
target_biased,0.04,"1,29",2,True,delivered,52,14,8
target_biased,0.04,"1,29",3,True,delivered,38,16,4
target_biased,0.04,"1,29",4,False,collision,17,6,0
target_biased,0.04,"1,29",5,True,delivered,47,11,0
target_biased,0.04,"1,29",6,False,collision,12,1,0
target_biased,0.04,"1,29",7,False,collision,26,5,2
target_biased,0.04,"1,29",8,True,delivered,38,5,2
target_biased,0.04,"1,29",9,False,collision,91,19,8
target_biased,0.04,"1,29",10,True,delivered,49,11,2
target_biased,0.04,"1,29",11,True,delivered,30,5,0
target_biased,0.04,"1,29",12,True,delivered,48,17,8
target_biased,0.04,"1,29",13,True,delivered,39,6,2
target_biased,0.04,"1,29",14,False,collision,23,4,0
target_biased,0.04,"29,1",0,False,collision,68,16,4
target_biased,0.04,"29,1",1,True,delivered,57,6,0
target_biased,0.04,"29,1",2,True,delivered,30,5,0
target_biased,0.04,"29,1",3,False,collision,27,11,4
target_biased,0.04,"29,1",4,False,collision,18,4,0
target_biased,0.04,"29,1",5,False,collision,49,16,12
target_biased,0.04,"29,1",6,True,delivered,48,11,2
target_biased,0.04,"29,1",7,False,collision,115,29,16
target_biased,0.04,"29,1",8,False,collision,24,7,2
target_biased,0.04,"29,1",9,True,delivered,36,7,2
target_biased,0.04,"29,1",10,True,delivered,36,9,2
target_biased,0.04,"29,1",11,True,delivered,36,6,2
target_biased,0.04,"29,1",12,True,delivered,28,7,0
target_biased,0.04,"29,1",13,False,collision,30,7,0
target_biased,0.04,"29,1",14,True,delivered,47,10,0
